Employee_ID,HashPwd
00309,Pwd1
00333,Pwd2
04079,Pwd3
02864,Pwd4
01994,Pwd5
48389,Pwd6
13965,Pwd7
56587,Pwd8
64517,Pwd9
84432,Pwd10
33206,Pwd11
87640,Pwd12
53725,Pwd13
50970,Pwd14
88023,Pwd15
98090,Pwd16
22191,Pwd17
52986,Pwd18
17960,Pwd19
46627,Pwd20
77030,Pwd21
32569,Pwd22
41471,Pwd23
92127,Pwd24
62988,Pwd25
79469,Pwd26
82559,Pwd27
43204,Pwd28
16946,Pwd29
80491,Pwd30
89998,Pwd31
68172,Pwd32
19396,Pwd33
94324,Pwd34
98510,Pwd35
76834,Pwd36
01079,Pwd37
31632,Pwd38
46746,Pwd39
10538,Pwd40
99184,Pwd41
19629,Pwd42
92323,Pwd43
51872,Pwd44
77861,Pwd45
82072,Pwd46
46737,Pwd47
87457,Pwd48
02185,Pwd49
63754,Pwd50
